[{"name":"Salmon Sockeye fillet wild-caught Frozen","ordercode":"72723","variety":"","book":"","saledate":"","comments":"","catagory":"","id":"1","ooc":null},{"name":"Store-brand tilapia fillet one pound previously frozen","ordercode":"142641","variety":"","book":"","saledate":"","comments":"","catagory":"","id":"2","ooc":null},{"name":"Swai fillets previously frozen 1 pound","ordercode":"86276","variety":"","book":"","saledate":"","comments":"","catagory":"","id":"3","ooc":null},{"name":" Gordon beer battered fillets 18.2 ounce","ordercode":"136908","variety":"","book":"","saledate":"default","comments":"","catagory":"","id":"4","ooc":null},{"name":" Gorton crispy battered fish fillet 11.4 ounce","ordercode":"15990","variety":"","book":"","saledate":"default","comments":"something","catagory":"","id":"5","ooc":""},{"name":"Gordon crunchy fish sticks 15.7 ounce","ordercode":"159972","variety":"","book":"","saledate":"","comments":"","catagory":"","id":"6","ooc":null},{"name":"Gordon crispy battered fish fillet 19 ounce","ordercode":"136907","variety":"","book":"","saledate":"default","comments":"","catagory":"","id":"7","ooc":""},{"name":"Gordon crispy battered haddock fillet 7.6 ounce","ordercode":"239153","variety":"","book":"","saledate":"chk","comments":"","catagory":"","id":"8","ooc":""},{"name":"Gorton crunchy fillet 11.4 ounce","ordercode":"19824","variety":"","book":"","saledate":"","comments":"","catagory":"","id":"9","ooc":null},{"name":"Gorton fish sandwich fillet 18.3 ounce","ordercode":"117523","variety":"","book":"","saledate":"","comments":"","catagory":"","id":"10","ooc":""},{"name":"Gorton grilled filet with garlic butter 7.1 ounce","ordercode":"13851","variety":"","book":"","saledate":"","comments":"","catagory":"","id":"11","ooc":null},{"name":"Gordon grilled filet with lemon butter 7.1 ounce","ordercode":"16621","variety":"","book":"","saledate":"default","comments":"","catagory":"","id":"12","ooc":null},{"name":"Dr appt","ordercode":"","variety":"","book":"","saledate":"chk","comments":"Dr brill cardiologist","catagory":"","id":"14","ooc":"2017-10-25"},{"name":"Dr appt","ordercode":"","variety":"","book":"","saledate":"","comments":"Norwich","catagory":"","id":"15","ooc":"2017-10-24"}]